Id,ActivityDate,TotalSteps,TotalDistance,TrackerDistance,LoggedActivitiesDistance,VeryActiveDistance,ModeratelyActiveDistance,LightActiveDistance,SedentaryActiveDistance,VeryActiveMinutes,FairlyActiveMinutes,LightlyActiveMinutes,SedentaryMinutes,Calories,Weekday,ActivityCluster,ActiveMinutes,SedentaryRatio
1503960366,2016-03-25,11004,7.1100001335144,7.1100001335144,0.0,2.5699999332428,0.46000000834465,4.07000017166138,0.0,33,12,205,804,1819,Friday,2,250,0.7628083491461101
1503960366,2016-03-26,17609,11.5500001907349,11.5500001907349,0.0,6.92000007629395,0.730000019073486,3.91000008583069,0.0,89,17,274,588,2154,Saturday,1,380,0.6074380165289256
1503960366,2016-03-27,12736,8.52999973297119,8.52999973297119,0.0,4.65999984741211,0.159999996423721,3.71000003814697,0.0,56,5,268,605,1944,Sunday,1,329,0.6477516059957173
1503960366,2016-03-28,13231,8.93000030517578,8.93000030517578,0.0,3.19000005722046,0.790000021457672,4.94999980926514,0.0,39,20,224,1080,1932,Monday,1,283,0.7923697725605282
1503960366,2016-03-29,12041,7.84999990463257,7.84999990463257,0.0,2.16000008583069,1.0900000333786,4.6100001335144,0.0,28,28,243,763,1886,Tuesday,1,299,0.7184557438794726
1503960366,2016-03-30,10970,7.15999984741211,7.15999984741211,0.0,2.35999989509583,0.509999990463257,4.28999996185303,0.0,30,13,223,1174,1820,Wednesday,2,266,0.8152777777777778
1503960366,2016-03-31,12256,7.8600001335144,7.8600001335144,0.0,2.28999996185303,0.490000009536743,5.03999996185303,0.0,33,12,239,820,1889,Thursday,1,284,0.7427536231884058
1503960366,2016-04-01,12262,7.86999988555908,7.86999988555908,0.0,3.3199999332428,0.829999983310699,3.64000010490417,0.0,47,21,200,866,1868,Friday,1,268,0.763668430335097
1503960366,2016-04-02,11248,7.25,7.25,0.0,3.0,0.449999988079071,3.74000000953674,0.0,40,11,244,636,1843,Saturday,2,295,0.6831364124597207
1503960366,2016-04-03,10016,6.36999988555908,6.36999988555908,0.0,0.910000026226044,1.27999997138977,4.17999982833862,0.0,15,30,314,655,1850,Sunday,2,359,0.645956607495069
1503960366,2016-04-04,14557,9.80000019073486,9.80000019073486,0.0,3.39000010490417,0.699999988079071,5.69000005722046,0.0,43,18,285,757,2030,Monday,1,346,0.6863100634632819
1503960366,2016-04-05,14844,9.72999954223633,9.72999954223633,0.0,2.94000005722046,0.759999990463257,6.03999996185303,0.0,36,18,341,736,2083,Tuesday,1,395,0.6507515473032714
1503960366,2016-04-06,11974,7.67000007629395,7.67000007629395,0.0,2.03999996185303,0.479999989271164,5.15000009536743,0.0,27,12,228,1173,1861,Wednesday,1,267,0.8145833333333333
1503960366,2016-04-07,10198,6.44000005722046,6.44000005722046,0.0,1.20000004768372,0.790000021457672,4.44999980926514,0.0,17,20,195,1208,1755,Thursday,2,232,0.8388888888888889
1503960366,2016-04-08,12521,7.94000005722046,7.94000005722046,0.0,3.30999994277954,0.899999976158142,3.74000000953674,0.0,46,22,212,1160,1895,Friday,1,280,0.8055555555555556
1503960366,2016-04-09,12432,8.10000038146973,8.10000038146973,0.0,2.58999991416931,0.589999973773956,4.92000007629395,0.0,32,15,248,738,1883,Saturday,1,295,0.7144240077444337
1503960366,2016-04-10,10057,6.98000001907349,6.98000001907349,0.0,4.0,0.490000009536743,2.48000001907349,0.0,44,13,168,737,1755,Sunday,2,225,0.7661122661122661
1503960366,2016-04-11,10990,7.26000022888184,7.26000022888184,0.0,2.03999996185303,0.569999992847443,4.65000009536743,0.0,26,14,216,855,1811,Monday,2,256,0.7695769576957696
1503960366,2016-04-12,224,0.140000000596046,0.140000000596046,0.0,0.0,0.0,0.129999995231628,0.0,0,0,9,32,50,Tuesday,0,9,0.7804878048780488
1624580081,2016-03-25,1810,1.17999994754791,1.17999994754791,0.0,0.0,0.0,1.12999999523163,0.0099999997764825,0,0,121,1319,1373,Friday,0,121,0.9159722222222222
1624580081,2016-03-26,815,0.529999971389771,0.529999971389771,0.0,0.0,0.0,0.529999971389771,0.0,0,0,47,1393,1264,Saturday,0,47,0.9673611111111111
1624580081,2016-03-27,1985,1.28999996185303,1.28999996185303,0.0,0.0,0.0,1.27999997138977,0.0099999997764825,0,0,112,1328,1350,Sunday,0,112,0.9222222222222223
1624580081,2016-03-28,1905,1.24000000953674,1.24000000953674,0.0,0.0,0.0,1.24000000953674,0.0,0,0,95,1345,1342,Monday,0,95,0.9340277777777778
1624580081,2016-03-29,1552,1.00999999046326,1.00999999046326,0.0,0.0,0.0,1.0,0.0,0,0,66,1374,1300,Tuesday,0,66,0.9541666666666667
1624580081,2016-03-30,1675,1.0900000333786,1.0900000333786,0.0,0.0,0.0,1.0900000333786,0.0,0,0,84,1356,1313,Wednesday,0,84,0.9416666666666667
1624580081,2016-03-31,4506,2.9300000667572,2.9300000667572,0.0,0.509999990463257,0.270000010728836,2.15000009536743,0.0099999997764825,7,4,144,1285,1498,Thursday,0,155,0.8923611111111112
1624580081,2016-04-01,9218,5.98999977111816,5.98999977111816,0.0,0.0,0.0,5.96999979019165,0.0099999997764825,0,0,221,1219,1541,Friday,2,221,0.8465277777777778
1624580081,2016-04-02,1556,1.00999999046326,1.00999999046326,0.0,0.0,0.0,1.00999999046326,0.0099999997764825,0,0,88,1352,1327,Saturday,0,88,0.9388888888888889
1624580081,2016-04-03,2910,1.88999998569489,1.88999998569489,0.0,0.0,0.0,1.87999999523163,0.0099999997764825,0,0,157,1283,1452,Sunday,0,157,0.8909722222222223
1624580081,2016-04-04,18464,12.0,12.0,0.0,0.0,0.0,12.0,0.0,0,0,270,1170,1574,Monday,1,270,0.8125
1624580081,2016-04-05,1335,0.870000004768372,0.870000004768372,0.0,0.0,0.0,0.870000004768372,0.0,0,0,74,1366,1308,Tuesday,0,74,0.9486111111111111
1624580081,2016-04-06,1004,0.649999976158142,0.649999976158142,0.0,0.0,0.0,0.649999976158142,0.0,0,0,55,1385,1276,Wednesday,0,55,0.9618055555555556
1624580081,2016-04-07,1111,0.720000028610229,0.720000028610229,0.0,0.0,0.0,0.720000028610229,0.0,0,0,54,1386,1278,Thursday,0,54,0.9625
1624580081,2016-04-08,6344,4.11999988555908,4.11999988555908,0.0,0.0,0.0,4.09999990463257,0.0,0,0,143,1297,1409,Friday,2,143,0.9006944444444445
1624580081,2016-04-09,3572,2.3199999332428,2.3199999332428,0.0,0.0,0.0,2.28999996185303,0.0299999993294477,0,0,122,1318,1370,Saturday,0,122,0.9152777777777777
1624580081,2016-04-10,3910,2.53999996185303,2.53999996185303,0.0,0.469999998807907,0.25,1.80999994277954,0.0099999997764825,7,7,186,1240,1555,Sunday,0,200,0.8611111111111112
1624580081,2016-04-11,10000,6.5,6.5,0.0,0.0,0.0,6.5,0.0,0,0,172,1268,1469,Monday,2,172,0.8805555555555555
1624580081,2016-04-12,6627,4.30999994277954,4.30999994277954,0.0,0.0,0.0,4.30999994277954,0.0,0,0,89,604,706,Tuesday,2,89,0.8715728715728716
1644430081,2016-04-01,4636,3.41000008583069,3.41000008583069,0.0,0.0,0.779999971389771,2.59999990463257,0.0299999993294477,0,16,586,838,3323,Friday,0,602,0.5819444444444445
1644430081,2016-04-02,20237,14.710000038147,14.710000038147,0.0,2.5699999332428,6.40000009536743,5.73000001907349,0.0099999997764825,34,141,347,918,4029,Saturday,1,522,0.6375
1644430081,2016-04-03,12912,9.40999984741211,9.40999984741211,0.0,4.82999992370605,0.769999980926514,3.78999996185303,0.0299999993294477,59,16,283,1082,3436,Sunday,1,358,0.7513888888888889
1644430081,2016-04-04,2819,2.04999995231628,2.04999995231628,0.0,0.310000002384186,0.170000001788139,1.55999994277954,0.0099999997764825,4,4,87,1345,2444,Monday,0,95,0.9340277777777778
1644430081,2016-04-05,9921,7.21000003814697,7.21000003814697,0.0,0.340000003576279,1.51999998092651,5.3600001335144,0.0,5,35,219,1181,3098,Tuesday,2,259,0.8201388888888889
1644430081,2016-04-06,8046,5.84999990463257,5.84999990463257,0.0,1.28999996185303,2.11999988555908,2.45000004768372,0.0,18,41,137,1244,2925,Wednesday,2,196,0.8638888888888889
1644430081,2016-04-07,11166,8.11999988555908,8.11999988555908,0.0,0.209999993443489,2.41000008583069,5.5,0.0,3,58,230,1149,3202,Thursday,2,291,0.7979166666666667
1644430081,2016-04-08,7842,5.69999980926514,5.69999980926514,0.0,0.479999989271164,2.41000008583069,2.80999994277954,0.0,7,43,161,1229,2928,Friday,2,211,0.8534722222222222
1644430081,2016-04-09,13840,10.0600004196167,10.0600004196167,0.0,1.30999994277954,3.72000002861023,5.03000020980835,0.0,18,81,192,1149,3290,Saturday,1,291,0.7979166666666667
1644430081,2016-04-10,1329,0.970000028610229,0.970000028610229,0.0,0.0,0.0,0.970000028610229,0.0,0,0,35,207,489,Sunday,0,35,0.8553719008264463
1844505072,2016-04-01,6847,4.53000020980835,4.53000020980835,0.0,0.610000014305115,0.370000004768372,3.54999995231628,0.0,9,9,251,1171,1969,Friday,2,269,0.8131944444444444
1844505072,2016-04-02,5367,3.54999995231628,3.54999995231628,0.0,0.0,0.0,3.54999995231628,0.0,0,0,263,1177,1889,Saturday,2,263,0.8173611111111111
1844505072,2016-04-03,2841,1.87999999523163,1.87999999523163,0.0,0.0,0.0,1.87999999523163,0.0,0,0,136,1114,1636,Sunday,0,136,0.8912
1844505072,2016-04-04,0,0.0,0.0,0.0,0.0,0.0,0.0,0.0,0,0,0,669,1347,Monday,0,0,1.0
1844505072,2016-04-05,0,0.0,0.0,0.0,0.0,0.0,0.0,0.0,0,0,0,1440,1347,Tuesday,0,0,1.0
1844505072,2016-04-06,7,0.0,0.0,0.0,0.0,0.0,0.0,0.0,0,0,1,1439,1349,Wednesday,0,1,0.9993055555555556
1844505072,2016-04-07,6344,4.19000005722046,4.19000005722046,0.0,0.0,0.0,4.19000005722046,0.0,0,0,290,1150,1965,Thursday,2,290,0.7986111111111112
1844505072,2016-04-08,5316,3.50999999046326,3.50999999046326,0.0,0.0,0.0,3.50999999046326,0.0,0,0,221,1219,1824,Friday,2,221,0.8465277777777778
1844505072,2016-04-09,4979,3.28999996185303,3.28999996185303,0.0,0.0,0.0,3.28999996185303,0.0,0,0,184,620,1807,Saturday,2,184,0.7711442786069652
1844505072,2016-04-10,6556,4.34000015258789,4.34000015258789,0.0,0.0,0.0,4.32999992370605,0.0,0,0,305,810,1971,Sunday,2,305,0.726457399103139
1844505072,2016-04-11,5430,3.58999991416931,3.58999991416931,0.0,0.0,0.0,3.58999991416931,0.0,0,0,251,1189,1888,Monday,2,251,0.8256944444444444
1844505072,2016-04-12,0,0.0,0.0,0.0,0.0,0.0,0.0,0.0,0,0,0,426,399,Tuesday,0,0,1.0
1927972279,2016-04-01,4317,2.99000000953674,2.99000000953674,0.0,0.0,0.370000004768372,2.61999988555908,0.0,0,11,192,854,2590,Friday,0,203,0.8079470198675497
1927972279,2016-04-02,5662,3.92000007629395,3.92000007629395,0.0,0.0,0.0,3.92000007629395,0.0,0,0,267,858,2783,Saturday,2,267,0.7626666666666667
1927972279,2016-04-03,3198,2.21000003814697,2.21000003814697,0.0,0.0,0.0,2.21000003814697,0.0,0,0,146,1183,2449,Sunday,0,146,0.8901429646350639
1927972279,2016-04-04,2352,1.62999999523163,1.62999999523163,0.0,0.0,0.0,1.62999999523163,0.0,0,0,128,829,2380,Monday,0,128,0.8662486938349008
1927972279,2016-04-05,2234,1.54999995231628,1.54999995231628,0.0,0.0,0.0,1.54999995231628,0.0,0,0,108,912,2344,Tuesday,0,108,0.8941176470588236
1927972279,2016-04-06,1259,0.870000004768372,0.870000004768372,0.0,0.0,0.0,0.870000004768372,0.0,0,0,73,938,2202,Wednesday,0,73,0.9277942631058358
1927972279,2016-04-07,768,0.529999971389771,0.529999971389771,0.0,0.0,0.0,0.529999971389771,0.0,0,0,43,1397,2130,Thursday,0,43,0.9701388888888889
1927972279,2016-04-08,519,0.360000014305115,0.360000014305115,0.0,0.0,0.0,0.360000014305115,0.0,0,0,34,1406,2088,Friday,0,34,0.9763888888888889
1927972279,2016-04-09,2523,1.75,1.75,0.0,0.0,0.370000004768372,1.37999999523163,0.0,0,9,134,1250,2443,Saturday,0,143,0.8973438621679828
1927972279,2016-04-10,2105,1.46000003814697,1.46000003814697,0.0,0.0,0.0,1.46000003814697,0.0,0,0,139,805,2442,Sunday,0,139,0.8527542372881356
1927972279,2016-04-11,1209,0.839999973773956,0.839999973773956,0.0,0.0,0.0,0.839999973773956,0.0,0,0,73,842,2255,Monday,0,73,0.9202185792349726
1927972279,2016-04-12,24,0.0199999995529652,0.0199999995529652,0.0,0.0,0.0,0.0199999995529652,0.0,0,0,3,161,942,Tuesday,0,3,0.9817073170731707
2022484408,2016-04-01,13603,9.60000038146973,9.60000038146973,0.0,5.46000003814697,0.629999995231628,3.50999999046326,0.0,72,16,213,1139,2645,Friday,1,301,0.7909722222222222
2022484408,2016-04-02,5477,3.83999991416931,3.83999991416931,0.0,0.0,0.0,3.83999991416931,0.0,0,0,237,1203,2040,Saturday,2,237,0.8354166666666667
2022484408,2016-04-03,11144,7.82000017166138,7.82000017166138,0.0,1.78999996185303,0.889999985694885,5.1399998664856,0.0,25,22,279,1114,2395,Sunday,2,326,0.7736111111111111
2022484408,2016-04-04,15313,11.0,11.0,0.0,5.01999998092651,1.28999996185303,4.69000005722046,0.0,62,19,233,1126,2581,Monday,1,314,0.7819444444444444
2022484408,2016-04-05,10805,7.59000015258789,7.59000015258789,0.0,0.720000028610229,0.980000019073486,5.8899998664856,0.0,36,37,298,1069,2735,Tuesday,2,371,0.7423611111111111
2022484408,2016-04-06,15392,10.9300003051758,10.9300003051758,0.0,3.4300000667572,1.75,5.75,0.0,47,42,258,1093,2733,Wednesday,1,347,0.7590277777777777
2022484408,2016-04-07,18247,13.8299999237061,13.8299999237061,0.0,7.1100001335144,2.21000003814697,4.51000022888184,0.0,72,62,252,1054,3021,Thursday,1,386,0.7319444444444444
2022484408,2016-04-08,13023,9.26000022888184,9.26000022888184,0.0,3.23000001907349,0.560000002384186,5.46999979019165,0.0,40,12,296,1092,2577,Friday,1,348,0.7583333333333333
2022484408,2016-04-09,16267,12.5900001525879,12.5900001525879,0.0,5.75,0.469999998807907,6.36999988555908,0.0,44,16,302,1078,2811,Saturday,1,362,0.7486111111111111
2022484408,2016-04-10,10005,7.01999998092651,7.01999998092651,0.0,0.0799999982118607,1.04999995231628,5.90000009536743,0.0,1,23,339,1077,2458,Sunday,2,363,0.7479166666666667
2022484408,2016-04-11,10106,7.09000015258789,7.09000015258789,0.0,1.21000003814697,0.560000002384186,5.32999992370605,0.0,41,16,272,1111,2568,Monday,2,329,0.7715277777777778
2022484408,2016-04-12,6717,4.71999979019165,4.71999979019165,0.0,3.23000001907349,0.219999998807907,1.26999998092651,0.0,41,5,67,551,1140,Tuesday,2,113,0.8298192771084337
2026352035,2016-04-01,2605,1.62000000476837,1.62000000476837,0.0,0.0,0.0,1.62000000476837,0.0,0,0,166,729,1407,Friday,0,166,0.8145251396648044
2026352035,2016-04-02,1229,0.759999990463257,0.759999990463257,0.0,0.0,0.0,0.759999990463257,0.0,0,0,69,795,1237,Saturday,0,69,0.9201388888888888
2026352035,2016-04-03,2308,1.42999994754791,1.42999994754791,0.0,0.0,0.0,1.42999994754791,0.0,0,0,115,720,1330,Sunday,0,115,0.8622754491017964
2026352035,2016-04-04,6679,4.1399998664856,4.1399998664856,0.0,0.0,0.0,4.1399998664856,0.0,0,0,263,644,1583,Monday,2,263,0.7100330760749725
2026352035,2016-04-05,5645,3.5,3.5,0.0,0.0,0.0,3.5,0.0,0,0,248,621,1538,Tuesday,2,248,0.714614499424626
2026352035,2016-04-06,3180,1.97000002861023,1.97000002861023,0.0,0.0,0.0,1.97000002861023,0.0,0,0,185,738,1421,Wednesday,0,185,0.7995666305525461
2026352035,2016-04-07,2767,1.72000002861023,1.72000002861023,0.0,0.0,0.0,1.72000002861023,0.0,0,0,170,673,1392,Thursday,0,170,0.7983392645314353
2026352035,2016-04-08,3762,2.32999992370605,2.32999992370605,0.0,0.0,0.0,2.32999992370605,0.0,0,0,173,719,1425,Friday,0,173,0.8060538116591929
2026352035,2016-04-09,3098,1.91999995708466,1.91999995708466,0.0,0.0,0.0,1.91999995708466,0.0,0,0,185,700,1413,Saturday,0,185,0.7909604519774012
2026352035,2016-04-10,5142,3.19000005722046,3.19000005722046,0.0,0.0,0.0,3.19000005722046,0.0,0,0,230,654,1515,Sunday,2,230,0.7398190045248869
2026352035,2016-04-11,3279,2.02999997138977,2.02999997138977,0.0,0.0,0.0,2.02999997138977,0.0,0,0,164,694,1405,Monday,0,164,0.8088578088578089
2026352035,2016-04-12,1019,0.629999995231628,0.629999995231628,0.0,0.0,0.0,0.629999995231628,0.0,0,0,64,223,600,Tuesday,0,64,0.7770034843205574
2320127002,2016-04-01,0,0.0,0.0,0.0,0.0,0.0,0.0,0.0,0,0,0,1440,1324,Friday,0,0,1.0
2320127002,2016-04-02,0,0.0,0.0,0.0,0.0,0.0,0.0,0.0,0,0,0,1440,1324,Saturday,0,0,1.0
2320127002,2016-04-03,0,0.0,0.0,0.0,0.0,0.0,0.0,0.0,0,0,0,1440,1324,Sunday,0,0,1.0
2320127002,2016-04-04,0,0.0,0.0,0.0,0.0,0.0,0.0,0.0,0,0,0,1440,1324,Monday,0,0,1.0
2320127002,2016-04-05,4931,3.3199999332428,3.3199999332428,0.0,0.0,0.0,3.3199999332428,0.0,0,0,175,1265,1708,Tuesday,2,175,0.8784722222222222
2320127002,2016-04-06,6999,4.71999979019165,4.71999979019165,0.0,0.0,0.0,4.71999979019165,0.0,0,0,320,1120,1950,Wednesday,2,320,0.7777777777777778
2320127002,2016-04-07,1846,1.24000000953674,1.24000000953674,0.0,0.0,0.0,1.24000000953674,0.0,0,0,93,1347,1508,Thursday,0,93,0.9354166666666667
2320127002,2016-04-08,3417,2.29999995231628,2.29999995231628,0.0,0.0,0.0,2.29999995231628,0.0,0,0,153,1287,1625,Friday,0,153,0.89375
2320127002,2016-04-09,4863,3.27999997138977,3.27999997138977,0.0,0.0599999986588955,0.419999986886978,2.79999995231628,0.0,1,11,208,1220,1772,Saturday,2,220,0.8472222222222222
2320127002,2016-04-10,2277,1.52999997138977,1.52999997138977,0.0,0.0,0.0,1.52999997138977,0.0,0,0,103,1337,1530,Sunday,0,103,0.9284722222222223
2320127002,2016-04-11,11230,7.67000007629395,7.67000007629395,0.0,0.889999985694885,0.119999997317791,6.65999984741211,0.0,10,2,390,1038,2206,Monday,2,402,0.7208333333333333
2320127002,2016-04-12,2098,1.4099999666214,1.4099999666214,0.0,0.0,0.0,1.4099999666214,0.0,0,0,69,617,790,Tuesday,0,69,0.8994169096209913
2347167796,2016-03-29,10272,6.78999996185303,6.78999996185303,0.0,0.159999996423721,3.11999988555908,3.5,0.0,2,58,208,700,2041,Tuesday,2,268,0.7231404958677686
2347167796,2016-03-30,10533,7.09999990463257,7.09999990463257,0.0,1.76999998092651,2.05999994277954,3.26999998092651,0.0,21,35,255,615,2187,Wednesday,2,311,0.6641468682505399
2347167796,2016-03-31,6760,4.46999979019165,4.46999979019165,0.0,0.0,0.0,4.46999979019165,0.0,0,0,250,613,1929,Thursday,2,250,0.7103128621089224
2347167796,2016-04-01,8328,5.51000022888184,5.51000022888184,0.0,0.0,2.0,3.5,0.0,0,33,212,804,1935,Friday,2,245,0.7664442326024785
2347167796,2016-04-02,15459,10.2200002670288,10.2200002670288,0.0,3.58999991416931,0.810000002384186,5.82000017166138,0.0,51,16,327,583,2438,Saturday,1,394,0.5967246673490276
2347167796,2016-04-03,7485,4.94999980926514,4.94999980926514,0.0,0.0,0.0,4.94999980926514,0.0,0,0,324,491,2035,Sunday,2,324,0.6024539877300613
2347167796,2016-04-04,10254,6.80000019073486,6.80000019073486,0.0,1.41999995708466,1.23000001907349,4.15999984741211,0.0,21,25,231,638,2099,Monday,2,277,0.6972677595628415
2347167796,2016-04-05,10114,6.82000017166138,6.82000017166138,0.0,1.63999998569489,0.479999989271164,4.67999982833862,0.0,18,9,269,696,2096,Tuesday,2,296,0.7016129032258065
2347167796,2016-04-06,11107,7.34000015258789,7.34000015258789,0.0,0.899999976158142,2.75999999046326,3.6800000667572,0.0,14,46,196,759,2058,Wednesday,2,256,0.7477832512315271
2347167796,2016-04-07,10320,6.84999990463257,6.84999990463257,0.0,0.680000007152557,1.23000001907349,4.94000005722046,0.0,15,32,315,1002,2338,Thursday,2,362,0.7346041055718475
2347167796,2016-04-08,10209,6.75,6.75,0.0,0.159999996423721,0.349999994039536,6.23000001907349,0.0,2,6,316,711,2104,Friday,2,324,0.6869565217391305
2347167796,2016-04-09,16081,10.6300001144409,10.6300001144409,0.0,1.25,1.82000005245209,7.55999994277954,0.0,16,32,401,970,2488,Saturday,1,449,0.6835799859055673
2347167796,2016-04-10,10078,6.82999992370605,6.82999992370605,0.0,1.01999998092651,0.119999997317791,5.69000005722046,0.0,12,3,303,463,2164,Sunday,2,318,0.5928297055057619
2347167796,2016-04-11,10001,6.6100001335144,6.6100001335144,0.0,0.330000013113022,2.9300000667572,3.35999989509583,0.0,5,52,196,788,2009,Monday,2,253,0.7569644572526417
2347167796,2016-04-12,0,0.0,0.0,0.0,0.0,0.0,0.0,0.0,0,0,0,425,399,Tuesday,0,0,1.0
2873212765,2016-04-01,890,0.600000023841858,0.600000023841858,0.0,0.0,0.0,0.600000023841858,0.0,0,0,41,1399,1335,Friday,0,41,0.9715277777777778
2873212765,2016-04-02,2214,1.49000000953674,1.49000000953674,0.0,0.0,0.0,1.49000000953674,0.0,0,0,197,1243,1559,Saturday,0,197,0.8631944444444445
2873212765,2016-04-03,7640,5.13000011444092,5.13000011444092,0.0,0.189999997615814,0.800000011920929,4.15000009536743,0.0,3,15,315,1107,1845,Sunday,2,333,0.76875
2873212765,2016-04-04,9713,6.53000020980835,6.53000020980835,0.0,0.340000003576279,0.889999985694885,5.28999996185303,0.0,6,24,355,1055,2046,Monday,2,385,0.7326388888888888
2873212765,2016-04-05,8432,5.67000007629395,5.67000007629395,0.0,0.0,0.0,5.65000009536743,0.0099999997764825,0,0,374,1066,1953,Tuesday,2,374,0.7402777777777778
2873212765,2016-04-06,7350,4.94000005722046,4.94000005722046,0.0,0.0,0.0,4.94000005722046,0.0,0,0,382,1058,1910,Wednesday,2,382,0.7347222222222223
2873212765,2016-04-07,9353,6.30999994277954,6.30999994277954,0.0,0.370000004768372,0.689999997615814,5.23999977111816,0.0,5,17,363,1055,2035,Thursday,2,385,0.7326388888888888
2873212765,2016-04-08,7157,4.80999994277954,4.80999994277954,0.0,0.0,0.0,4.80999994277954,0.0,0,0,380,1060,1944,Friday,2,380,0.7361111111111112
2873212765,2016-04-09,14103,9.5600004196167,9.5600004196167,0.0,3.01999998092651,0.409999996423721,6.1399998664856,0.0099999997764825,46,8,288,1098,2257,Saturday,1,342,0.7625
2873212765,2016-04-10,5290,3.54999995231628,3.54999995231628,0.0,0.0399999991059303,0.340000003576279,3.17000007629395,0.0,1,8,251,1180,1724,Sunday,2,260,0.8194444444444444
2873212765,2016-04-11,7497,5.03999996185303,5.03999996185303,0.0,0.0,0.0,5.03999996185303,0.0,0,0,357,882,1741,Monday,2,357,0.711864406779661
2873212765,2016-04-12,0,0.0,0.0,0.0,0.0,0.0,0.0,0.0,0,0,0,1440,0,Tuesday,0,0,1.0
2891001357,2016-03-29,0,0.0,0.0,0.0,0.0,0.0,0.0,0.0,0,0,0,1440,1920,Tuesday,0,0,1.0
2891001357,2016-03-30,0,0.0,0.0,0.0,0.0,0.0,0.0,0.0,0,0,0,1440,1920,Wednesday,0,0,1.0
2891001357,2016-03-31,0,0.0,0.0,0.0,0.0,0.0,0.0,0.0,0,0,0,1440,1920,Thursday,0,0,1.0
2891001357,2016-04-01,0,0.0,0.0,4.82803201675415,0.0,0.0,0.0,0.0,0,660,0,780,4562,Friday,0,660,0.5416666666666666
2891001357,2016-04-02,4126,3.22000002861023,0.0,3.21868801116943,0.0,0.0,3.22000002861023,0.0,0,0,720,720,2881,Saturday,0,720,0.5
2891001357,2016-04-03,0,0.0,0.0,0.0,0.0,0.0,0.0,0.0,0,0,0,1440,1920,Sunday,0,0,1.0
2891001357,2016-04-04,0,0.0,0.0,0.0,0.0,0.0,0.0,0.0,0,0,0,1440,1920,Monday,0,0,1.0
2891001357,2016-04-05,2063,1.61000001430511,0.0,1.60934400558472,0.0,0.0,1.61000001430511,0.0,0,0,630,99,1144,Tuesday,0,630,0.13580246913580246
3372868164,2016-04-01,5785,3.95000004768372,3.95000004768372,0.0,0.0,0.0,3.91000008583069,0.0399999991059303,0,0,311,1129,1852,Friday,2,311,0.7840277777777778
3372868164,2016-04-02,7625,5.23000001907349,5.23000001907349,0.0,1.67999994754791,0.0399999991059303,3.5,0.0099999997764825,24,1,341,1074,2069,Saturday,2,366,0.7458333333333333
3372868164,2016-04-03,4706,3.21000003814697,3.21000003814697,0.0,0.0,0.0,3.21000003814697,0.0,0,0,299,1141,1816,Sunday,0,299,0.7923611111111111
3372868164,2016-04-04,5861,4.01999998092651,4.01999998092651,0.0,1.29999995231628,0.219999998807907,2.49000000953674,0.0099999997764825,20,7,233,1180,1878,Monday,2,260,0.8194444444444444
3372868164,2016-04-05,4460,3.03999996185303,3.03999996185303,0.0,0.0,0.0,3.01999998092651,0.0299999993294477,0,0,248,1192,1787,Tuesday,0,248,0.8277777777777777
3372868164,2016-04-06,6406,4.3899998664856,4.3899998664856,0.0,0.779999971389771,0.0900000035762787,3.51999998092651,0.0099999997764825,17,4,325,1094,2010,Wednesday,2,346,0.7597222222222222
3372868164,2016-04-07,7392,5.09999990463257,5.09999990463257,0.0,0.870000004768372,0.159999996423721,4.05000019073486,0.0199999995529652,14,9,332,1085,2038,Thursday,2,355,0.7534722222222222
3372868164,2016-04-08,5551,3.78999996185303,3.78999996185303,0.0,0.0,0.0,3.76999998092651,0.0099999997764825,0,0,282,1158,1815,Friday,2,282,0.8041666666666667
3372868164,2016-04-09,8827,6.25,6.25,0.0,1.76999998092651,0.479999989271164,4.0,0.0099999997764825,21,10,346,1063,2062,Saturday,2,377,0.7381944444444445
3372868164,2016-04-10,4662,3.1800000667572,3.1800000667572,0.0,1.03999996185303,0.150000005960464,1.99000000953674,0.0,22,4,152,735,1276,Sunday,0,178,0.8050383351588171
3977333714,2016-04-01,4499,3.00999999046326,3.00999999046326,0.0,0.0,0.0,3.00999999046326,0.0,0,0,168,842,1288,Friday,0,168,0.8336633663366336
3977333714,2016-04-02,7618,5.09999990463257,5.09999990463257,0.0,0.0,0.180000007152557,4.90999984741211,0.0,0,6,302,842,1490,Saturday,2,308,0.7321739130434782
3977333714,2016-04-03,11508,7.69999980926514,7.69999980926514,0.0,2.17000007629395,0.839999973773956,4.69000005722046,0.0,29,22,282,748,1630,Sunday,2,333,0.6919518963922294
3977333714,2016-04-04,11943,7.98999977111816,7.98999977111816,0.0,1.02999997138977,2.00999999046326,4.94999980926514,0.0,16,43,297,710,1648,Monday,1,356,0.6660412757973734
3977333714,2016-04-05,12303,8.22999954223633,8.22999954223633,0.0,1.71000003814697,1.35000002384186,5.17000007629395,0.0,26,32,291,605,1649,Tuesday,1,349,0.6341719077568134
3977333714,2016-04-06,15425,10.3199996948242,10.3199996948242,0.0,1.62000000476837,1.82000005245209,6.86999988555908,0.0,24,45,331,614,1783,Wednesday,1,400,0.6055226824457594
3977333714,2016-04-07,8422,5.63000011444092,5.63000011444092,0.0,0.0,3.59999990463257,2.03999996185303,0.0,0,81,139,815,1431,Thursday,2,220,0.7874396135265701
3977333714,2016-04-08,10226,6.84000015258789,6.84000015258789,0.0,0.0,4.44000005722046,2.40000009536743,0.0,0,101,174,685,1524,Friday,2,275,0.7135416666666666
3977333714,2016-04-09,14583,9.76000022888184,9.76000022888184,0.0,2.48000001907349,1.74000000953674,5.53000020980835,0.0,35,36,254,697,1697,Saturday,1,325,0.6819960861056752
3977333714,2016-04-10,3573,2.39000010490417,2.39000010490417,0.0,0.939999997615814,0.409999996423721,0.970000028610229,0.0,15,8,99,866,1232,Sunday,0,122,0.8765182186234818
3977333714,2016-04-11,3108,2.14000010490417,2.14000010490417,0.0,0.0700000002980232,0.0399999991059303,1.96000003814697,0.0,1,1,129,894,1223,Monday,0,131,0.8721951219512195
3977333714,2016-04-12,759,0.569999992847443,0.569999992847443,0.0,0.0,0.0,0.569999992847443,0.0,0,0,17,187,182,Tuesday,0,17,0.9166666666666666
4020332650,2016-03-12,5543,3.97000002861023,3.97000002861023,0.0,0.0,0.0,3.96000003814697,0.0099999997764825,0,0,254,757,2990,Saturday,2,254,0.7487636003956478
4020332650,2016-03-13,3226,2.30999994277954,2.30999994277954,0.0,0.0,0.0,2.27999997138977,0.0,0,0,136,771,2480,Sunday,0,136,0.8500551267916208
4020332650,2016-03-14,3023,2.17000007629395,2.17000007629395,0.0,0.0,0.0,2.14000010490417,0.0,0,0,145,1005,2570,Monday,0,145,0.8739130434782608
4020332650,2016-03-15,5906,4.23000001907349,4.23000001907349,0.0,0.0,0.159999996423721,4.03999996185303,0.0,0,10,215,874,3016,Tuesday,2,225,0.7952684258416742
4020332650,2016-03-16,12483,8.98999977111816,8.98999977111816,0.0,1.45000004768372,0.569999992847443,6.90000009536743,0.0,25,14,309,599,3830,Wednesday,1,348,0.6325237592397043
4020332650,2016-03-17,8940,6.40999984741211,6.40999984741211,0.0,0.0,0.0,0.610000014305115,0.0399999991059303,0,0,47,986,3706,Thursday,2,47,0.9545014520813165
4020332650,2016-03-18,368,0.259999990463257,0.259999990463257,0.0,0.0,0.0,0.0,0.0,0,0,0,1440,2024,Friday,0,0,1.0
4020332650,2016-03-19,5702,4.09000015258789,4.09000015258789,0.0,0.0,0.0,0.0,0.0,0,0,0,1440,2980,Saturday,2,0,1.0
4020332650,2016-03-20,10330,7.40999984741211,7.40999984741211,0.0,0.0,0.0,0.0,0.0,0,0,0,1440,3728,Sunday,2,0,1.0
4020332650,2016-03-21,8778,6.28999996185303,6.28999996185303,0.0,0.0,0.0,0.0,0.0,0,0,0,1440,3348,Monday,2,0,1.0
4020332650,2016-03-22,6662,4.78000020980835,4.78000020980835,0.0,0.0,0.0,0.0,0.0,0,0,0,1440,3162,Tuesday,2,0,1.0
4020332650,2016-03-23,6309,4.51999998092651,4.51999998092651,0.0,0.0,0.0,0.0,0.0,0,0,0,1440,3140,Wednesday,2,0,1.0
4020332650,2016-03-24,1951,1.4099999666214,1.4099999666214,0.0,0.0,0.0,0.0,0.0,0,0,0,1440,1980,Thursday,0,0,1.0
4020332650,2016-03-25,5563,3.99000000953674,3.99000000953674,0.0,0.0,0.0,0.0,0.0,0,0,0,1440,3681,Friday,2,0,1.0
4020332650,2016-03-26,4370,3.13000011444092,3.13000011444092,0.0,0.0,0.0,0.0,0.0,0,0,0,1440,3444,Saturday,0,0,1.0
4020332650,2016-03-27,7144,5.11999988555908,5.11999988555908,0.0,0.0,0.0,0.0,0.0,0,0,0,1440,3510,Sunday,2,0,1.0
4020332650,2016-03-28,2106,1.50999999046326,1.50999999046326,0.0,0.0199999995529652,0.0500000007450581,0.209999993443489,0.0,31,45,75,1289,4010,Monday,0,151,0.8951388888888889
4020332650,2016-03-29,4152,2.98000001907349,2.98000001907349,0.0,0.0,0.0,2.96000003814697,0.0,0,0,187,1253,2976,Tuesday,0,187,0.8701388888888889
4020332650,2016-03-30,5400,3.86999988555908,3.86999988555908,0.0,0.0,0.0,3.84999990463257,0.0,0,0,258,795,3418,Wednesday,2,258,0.7549857549857549
4020332650,2016-03-31,7428,5.32999992370605,5.32999992370605,0.0,0.870000004768372,0.920000016689301,3.50999999046326,0.0,18,33,261,860,3439,Thursday,2,312,0.7337883959044369
4020332650,2016-04-01,5351,3.83999991416931,3.83999991416931,0.0,0.620000004768372,0.180000007152557,3.00999999046326,0.0,15,17,210,748,3338,Friday,2,242,0.7555555555555555
4020332650,2016-04-02,4299,3.09999990463257,3.09999990463257,0.0,0.0900000035762787,0.209999993443489,2.74000000953674,0.0399999991059303,3,15,162,752,2892,Saturday,0,180,0.8068669527896996
4020332650,2016-04-03,6107,4.38000011444092,4.38000011444092,0.0,0.0,0.0,4.3600001335144,0.0,0,0,265,776,3313,Sunday,2,265,0.7454370797310279
4020332650,2016-04-04,6429,4.59999990463257,4.59999990463257,0.0,0.0,0.949999988079071,3.65000009536743,0.0,0,28,193,741,3118,Monday,2,221,0.7702702702702703
4020332650,2016-04-05,6880,4.92999982833862,4.92999982833862,0.0,0.5,0.759999990463257,3.65000009536743,0.0,7,19,165,1249,2966,Tuesday,2,191,0.8673611111111111
4020332650,2016-04-06,7476,5.3600001335144,5.3600001335144,0.0,0.0,0.0,5.30999994277954,0.0,0,0,263,920,3253,Wednesday,2,263,0.7776838546069316
4020332650,2016-04-07,6581,4.71999979019165,4.71999979019165,0.0,0.0,0.28999999165535,4.3899998664856,0.0,0,8,241,1191,3032,Thursday,2,249,0.8270833333333333
4020332650,2016-04-08,10480,7.51000022888184,7.51000022888184,0.0,0.409999996423721,1.47000002861023,5.01000022888184,0.0399999991059303,6,37,272,1125,4034,Friday,2,315,0.78125
4020332650,2016-04-09,7734,5.55000019073486,5.55000019073486,0.0,1.1599999666214,0.490000009536743,3.8199999332428,0.0599999986588955,20,12,223,1185,3264,Saturday,2,255,0.8229166666666666
4020332650,2016-04-10,5129,3.6800000667572,3.6800000667572,0.0,0.180000007152557,0.239999994635582,3.21000003814697,0.0099999997764825,5,7,176,1178,2817,Sunday,2,188,0.862371888726208
4020332650,2016-04-11,2993,2.15000009536743,2.15000009536743,0.0,0.0,0.0,2.08999991416931,0.0,0,0,114,888,2507,Monday,0,114,0.8862275449101796
4020332650,2016-04-12,8,0.0099999997764825,0.0099999997764825,0.0,0.0,0.0,0.0099999997764825,0.0,0,0,1,321,446,Tuesday,0,1,0.9968944099378882
4057192912,2016-03-12,0,0.0,0.0,0.0,0.0,0.0,0.0,0.0,0,0,0,1440,1777,Saturday,0,0,1.0
4057192912,2016-03-13,0,0.0,0.0,0.0,0.0,0.0,0.0,0.0,0,0,0,1440,1777,Sunday,0,0,1.0
4057192912,2016-03-14,8433,6.23000001907349,6.23000001907349,0.0,2.45000004768372,0.330000013113022,3.44000005722046,0.0,30,7,135,1268,2453,Monday,2,172,0.8805555555555555
4057192912,2016-03-15,0,0.0,0.0,0.0,0.0,0.0,0.0,0.0,0,0,0,1440,1776,Tuesday,0,0,1.0
4057192912,2016-03-16,2139,1.55999994277954,1.55999994277954,0.0,0.0,1.29999995231628,0.259999990463257,0.0,0,28,15,1397,1935,Wednesday,0,43,0.9701388888888889
4057192912,2016-03-17,0,0.0,0.0,0.0,0.0,0.0,0.0,0.0,0,0,0,1440,1776,Thursday,0,0,1.0
4057192912,2016-03-18,949,0.689999997615814,0.689999997615814,0.0,0.0,0.0,0.689999997615814,0.0,0,0,34,1406,1870,Friday,0,34,0.9763888888888889
4057192912,2016-03-19,0,0.0,0.0,0.0,0.0,0.0,0.0,0.0,0,0,0,1440,1777,Saturday,0,0,1.0
4057192912,2016-03-20,44,0.0299999993294477,0.0299999993294477,0.0,0.0,0.0,0.0299999993294477,0.0,0,0,2,1438,1782,Sunday,0,2,0.9986111111111111
4057192912,2016-03-21,2660,1.94000005722046,1.94000005722046,0.0,0.0,0.0,1.94000005722046,0.0,0,0,46,1394,1978,Monday,0,46,0.9680555555555556
4057192912,2016-03-22,5561,4.19000005722046,4.19000005722046,0.0,0.0,0.0,4.07000017166138,0.0,0,0,169,1271,2296,Tuesday,2,169,0.8826388888888889
4057192912,2016-03-23,7239,5.34000015258789,5.34000015258789,0.0,0.550000011920929,0.360000014305115,4.38000011444092,0.0,7,7,190,1236,2484,Wednesday,2,204,0.8583333333333333
4057192912,2016-03-24,7,0.0099999997764825,0.0099999997764825,0.0,0.0,0.0,0.0099999997764825,0.0,0,0,1,1439,1787,Thursday,0,1,0.9993055555555556
4057192912,2016-03-25,0,0.0,0.0,0.0,0.0,0.0,0.0,0.0,0,0,0,1440,1776,Friday,0,0,1.0
4057192912,2016-03-26,0,0.0,0.0,0.0,0.0,0.0,0.0,0.0,0,0,0,1440,1776,Saturday,0,0,1.0
4057192912,2016-03-27,2275,1.67999994754791,1.67999994754791,0.0,0.0,0.0,1.6599999666214,0.0,0,0,86,1354,2005,Sunday,0,86,0.9402777777777778
4057192912,2016-03-28,8,0.0099999997764825,0.0099999997764825,0.0,0.0,0.0,0.0099999997764825,0.0,0,0,1,1439,1778,Monday,0,1,0.9993055555555556
4057192912,2016-03-29,5137,3.75999999046326,3.75999999046326,0.0,0.0,0.0,3.75999999046326,0.0,0,0,160,1280,2293,Tuesday,2,160,0.8888888888888888
4057192912,2016-03-30,5419,4.0,4.57000017166138,0.055842999368906,0.0,0.0,3.91000008583069,0.0599999986588955,0,0,145,1295,2259,Wednesday,2,145,0.8993055555555556
4057192912,2016-03-31,0,0.0,0.0,0.0,0.0,0.0,0.0,0.0,0,0,0,1440,1776,Thursday,0,0,1.0
4057192912,2016-04-01,0,0.0,0.0,0.0,0.0,0.0,0.0,0.0,0,0,0,1440,1776,Friday,0,0,1.0
4057192912,2016-04-02,0,0.0,0.0,0.0,0.0,0.0,0.0,0.0,0,0,0,1440,1776,Saturday,0,0,1.0
4057192912,2016-04-03,0,0.0,0.0,0.0,0.0,0.0,0.0,0.0,0,0,0,1440,1776,Sunday,0,0,1.0
4057192912,2016-04-04,0,0.0,0.0,0.0,0.0,0.0,0.0,0.0,0,0,0,1440,1776,Monday,0,0,1.0
4057192912,2016-04-05,0,0.0,0.0,0.0,0.0,0.0,0.0,0.0,0,0,0,1440,1776,Tuesday,0,0,1.0
4057192912,2016-04-06,18,0.0099999997764825,0.0099999997764825,0.0,0.0,0.0,0.0099999997764825,0.0,0,0,2,1438,1780,Wednesday,0,2,0.9986111111111111
4057192912,2016-04-07,4,0.0,0.0,0.0,0.0,0.0,0.0,0.0,0,0,1,1439,1778,Thursday,0,1,0.9993055555555556
4057192912,2016-04-08,8426,6.15999984741211,6.15999984741211,0.0,0.129999995231628,5.48999977111816,0.540000021457672,0.0,2,120,25,1293,2360,Friday,2,147,0.8979166666666667
4057192912,2016-04-09,1650,1.21000003814697,1.21000003814697,0.0,0.0,0.0,1.21000003814697,0.0,0,0,60,1380,1952,Saturday,0,60,0.9583333333333334
4057192912,2016-04-10,3434,2.50999999046326,2.50999999046326,0.0,0.0700000002980232,0.300000011920929,2.14000010490417,0.0,1,7,108,1324,2101,Sunday,0,116,0.9194444444444444
4057192912,2016-04-11,6801,4.98000001907349,4.98000001907349,0.0,0.0,0.0,4.96999979019165,0.0,0,0,193,1247,2393,Monday,2,193,0.8659722222222223
4057192912,2016-04-12,187,0.140000000596046,0.140000000596046,0.0,0.0,0.0,0.140000000596046,0.0,0,0,11,400,538,Tuesday,0,11,0.9732360097323601
4319703577,2016-03-29,5643,3.78999996185303,3.78999996185303,0.0,0.230000004172325,0.330000013113022,3.23000001907349,0.0,3,8,199,683,1958,Tuesday,2,210,0.7648376259798432
4319703577,2016-03-30,9043,6.07000017166138,6.07000017166138,0.0,0.25,0.430000007152557,5.36999988555908,0.0,4,12,244,702,2141,Wednesday,2,260,0.7297297297297297
4319703577,2016-03-31,8144,5.46000003814697,5.46000003814697,0.0,0.25,0.610000014305115,4.6100001335144,0.0,4,17,247,1125,2129,Thursday,2,268,0.8076094759511845
4319703577,2016-04-01,9343,6.26999998092651,6.26999998092651,0.0,0.959999978542328,0.850000023841858,4.46000003814697,0.0,14,20,268,654,2216,Friday,2,302,0.6841004184100419
4319703577,2016-04-02,8405,5.65999984741211,5.65999984741211,0.0,1.12999999523163,0.189999997615814,4.34000015258789,0.0,15,4,257,621,2154,Saturday,2,276,0.6923076923076923
4319703577,2016-04-03,8223,5.51999998092651,5.51999998092651,0.0,0.800000011920929,1.50999999046326,3.21000003814697,0.0,12,37,257,551,2178,Sunday,2,306,0.6429404900816803
4319703577,2016-04-04,10067,6.76000022888184,6.76000022888184,0.0,0.360000014305115,1.41999995708466,4.96999979019165,0.0,5,39,313,578,2308,Monday,2,357,0.6181818181818182
4319703577,2016-04-05,8359,5.63000011444092,5.63000011444092,0.0,0.230000004172325,0.529999971389771,4.86999988555908,0.0,3,14,311,638,2201,Tuesday,2,328,0.660455486542443
4319703577,2016-04-06,10946,7.34999990463257,7.34999990463257,0.0,0.540000021457672,2.08999991416931,4.71999979019165,0.0,8,51,308,569,2341,Wednesday,2,367,0.6079059829059829
4319703577,2016-04-07,9130,6.15000009536743,6.15000009536743,0.0,0.5,0.379999995231628,5.26999998092651,0.0,7,11,304,668,2236,Thursday,2,322,0.6747474747474748
4319703577,2016-04-08,6544,4.40999984741211,4.40999984741211,0.0,0.28999999165535,0.259999990463257,3.85999989509583,0.0,4,6,276,1132,2069,Friday,2,286,0.7983074753173484
4319703577,2016-04-09,0,0.0,0.0,0.0,0.0,0.0,0.0,0.0,0,0,0,1440,0,Saturday,0,0,1.0
4388161847,2016-03-29,0,0.0,0.0,0.0,0.0,0.0,0.0,0.0,0,0,0,1440,1878,Tuesday,0,0,1.0
4388161847,2016-03-30,0,0.0,0.0,0.0,0.0,0.0,0.0,0.0,0,0,0,1440,1878,Wednesday,0,0,1.0
4388161847,2016-03-31,0,0.0,0.0,0.0,0.0,0.0,0.0,0.0,0,0,0,1440,1878,Thursday,0,0,1.0
4388161847,2016-04-01,0,0.0,0.0,0.0,0.0,0.0,0.0,0.0,0,0,0,1440,1878,Friday,0,0,1.0
4388161847,2016-04-02,0,0.0,0.0,0.0,0.0,0.0,0.0,0.0,0,0,0,1440,1878,Saturday,0,0,1.0
4388161847,2016-04-03,0,0.0,0.0,0.0,0.0,0.0,0.0,0.0,0,0,0,1440,1878,Sunday,0,0,1.0
4388161847,2016-04-04,0,0.0,0.0,0.0,0.0,0.0,0.0,0.0,0,0,0,1440,1878,Monday,0,0,1.0
4388161847,2016-04-05,0,0.0,0.0,0.0,0.0,0.0,0.0,0.0,0,0,0,994,1296,Tuesday,0,0,1.0
4445114986,2016-03-29,2303,1.54999995231628,1.54999995231628,0.0,0.0,0.0,1.54999995231628,0.0,0,0,155,807,2010,Tuesday,0,155,0.8388773388773388
4445114986,2016-03-30,2600,1.74000000953674,1.74000000953674,0.0,0.0,0.0,1.74000000953674,0.0,0,0,163,1277,2032,Wednesday,0,163,0.8868055555555555
4445114986,2016-03-31,4804,3.22000002861023,3.22000002861023,0.0,0.0,0.0,3.22000002861023,0.0,0,0,238,786,2227,Thursday,2,238,0.767578125
4445114986,2016-04-01,3271,2.19000005722046,2.19000005722046,0.0,0.0,0.0,2.19000005722046,0.0,0,0,205,898,2133,Friday,0,205,0.814143245693563
4445114986,2016-04-02,5406,3.63000011444092,3.63000011444092,0.0,0.0,0.0,3.60999989509583,0.0,0,0,273,672,2317,Saturday,2,273,0.7111111111111111
4445114986,2016-04-03,3146,2.10999989509583,2.10999989509583,0.0,0.0,0.0,2.10999989509583,0.0,0,0,171,1269,2058,Sunday,0,171,0.88125
4445114986,2016-04-04,2422,1.62999999523163,1.62999999523163,0.0,0.0,0.0,1.62999999523163,0.0,0,0,110,1330,1935,Monday,0,110,0.9236111111111112
4445114986,2016-04-05,4239,2.83999991416931,2.83999991416931,0.0,0.0599999986588955,0.239999994635582,2.52999997138977,0.0,1,6,235,702,2217,Tuesday,0,242,0.7436440677966102
4445114986,2016-04-06,6911,4.78000020980835,4.78000020980835,0.0,2.3199999332428,0.100000001490116,2.35999989509583,0.0,28,2,215,745,2374,Wednesday,2,245,0.7525252525252525
4445114986,2016-04-07,6667,4.6100001335144,4.6100001335144,0.0,2.01999998092651,0.0500000007450581,2.54999995231628,0.0,24,1,208,939,2335,Thursday,2,233,0.8011945392491467
4445114986,2016-04-08,5543,3.72000002861023,3.72000002861023,0.0,0.0,0.0,3.72000002861023,0.0,0,0,266,941,2303,Friday,2,266,0.7796188898094449
4445114986,2016-04-09,4195,2.80999994277954,2.80999994277954,0.0,0.0,0.0,2.80999994277954,0.0,0,0,239,758,2210,Saturday,0,239,0.7602808425275828
4445114986,2016-04-10,6625,4.44999980926514,4.44999980926514,0.0,0.0,0.0,4.44999980926514,0.0,0,0,316,755,2424,Sunday,2,316,0.7049486461251168
4445114986,2016-04-11,5986,4.13000011444092,4.13000011444092,0.0,1.95000004768372,0.230000004172325,1.95000004768372,0.0,23,5,195,789,2297,Monday,2,223,0.7796442687747036
4445114986,2016-04-12,278,0.189999997615814,0.189999997615814,0.0,0.0,0.0,0.189999997615814,0.0,0,0,20,253,745,Tuesday,0,20,0.9267399267399268
4558609924,2016-04-01,5336,3.52999997138977,3.52999997138977,0.0,0.0,0.0,3.52999997138977,0.0,0,0,258,1182,1902,Friday,2,258,0.8208333333333333
4558609924,2016-04-02,3183,2.09999990463257,2.09999990463257,0.0,0.0,0.0,2.09999990463257,0.0,0,0,173,1180,1680,Saturday,0,173,0.8721359940872137
4558609924,2016-04-03,6176,4.07999992370605,4.07999992370605,0.0,0.0700000002980232,0.259999990463257,3.75,0.0,1,7,269,886,1901,Sunday,2,277,0.7618228718830611
4558609924,2016-04-04,8205,5.42000007629395,5.42000007629395,0.0,0.0,0.0,5.42000007629395,0.0,0,0,367,1073,2078,Monday,2,367,0.7451388888888889
4558609924,2016-04-05,6799,4.48999977111816,4.48999977111816,0.0,1.5900000333786,0.860000014305115,2.03999996185303,0.0,24,14,185,1217,1876,Tuesday,2,223,0.8451388888888889
4558609924,2016-04-06,5668,3.75,3.75,0.0,0.0,0.0,3.75,0.0,0,0,259,1181,1853,Wednesday,2,259,0.8201388888888889
4558609924,2016-04-07,7998,5.28999996185303,5.28999996185303,0.0,0.509999990463257,0.25,4.53000020980835,0.0,27,12,296,1105,2235,Thursday,2,335,0.7673611111111112
4558609924,2016-04-08,4195,2.76999998092651,2.76999998092651,0.0,0.0,0.0,2.76999998092651,0.0,0,0,241,1199,1778,Friday,0,241,0.8326388888888889
4558609924,2016-04-09,5512,3.64000010490417,3.64000010490417,0.0,0.0,0.0,3.64000010490417,0.0,0,0,276,1164,1882,Saturday,2,276,0.8083333333333333
4558609924,2016-04-10,6263,4.1399998664856,4.1399998664856,0.0,0.0,0.0,4.13000011444092,0.0,0,0,290,1150,1906,Sunday,2,290,0.7986111111111112
4558609924,2016-04-11,8828,5.84000015258789,5.84000015258789,0.0,0.0,0.0,5.84000015258789,0.0,0,0,308,1132,2149,Monday,2,308,0.7861111111111111
4558609924,2016-04-12,1260,0.829999983310699,0.829999983310699,0.0,0.0,0.0,0.819999992847443,0.0,0,0,76,555,722,Tuesday,0,76,0.8795562599049128
4702921684,2016-03-29,6506,5.28000020980835,5.28000020980835,0.0,0.330000013113022,0.270000010728836,4.67000007629395,0.0,4,5,241,760,2886,Tuesday,2,250,0.7524752475247525
4702921684,2016-03-30,7583,6.15000009536743,6.15000009536743,0.0,0.25,0.550000011920929,5.34999990463257,0.0,3,13,227,742,2915,Wednesday,2,243,0.7532994923857868
4702921684,2016-03-31,6963,5.65000009536743,5.65000009536743,0.0,0.0,0.0,5.65000009536743,0.0,0,0,256,759,2895,Thursday,2,256,0.7477832512315271
4702921684,2016-04-01,7165,5.80999994277954,5.80999994277954,0.0,0.0,0.370000004768372,5.44000005722046,0.0,0,9,248,708,2923,Friday,2,257,0.7336787564766839
4702921684,2016-04-02,10328,8.38000011444092,8.38000011444092,0.0,0.0,1.46000003814697,6.92000007629395,0.0,0,32,367,475,3323,Saturday,2,399,0.5434782608695652
4702921684,2016-04-03,12116,9.82999992370605,9.82999992370605,0.0,0.25,2.84999990463257,6.71999979019165,0.0,3,57,323,471,3357,Sunday,1,383,0.5515222482435597
4702921684,2016-04-04,7810,6.3600001335144,6.3600001335144,0.0,0.479999989271164,1.20000004768372,4.67999982833862,0.0,6,27,216,746,2931,Monday,2,249,0.749748743718593
4702921684,2016-04-05,6670,5.40999984741211,5.40999984741211,0.0,1.24000000953674,0.800000011920929,3.36999988555908,0.0,15,16,199,770,2848,Tuesday,2,230,0.77
4702921684,2016-04-06,7605,6.17999982833862,6.17999982833862,0.0,0.330000013113022,0.209999993443489,5.63000011444092,0.0,4,4,248,708,2943,Wednesday,2,256,0.7344398340248963
4702921684,2016-04-07,6585,5.34000015258789,5.34000015258789,0.0,0.0,0.0,5.34000015258789,0.0,0,0,210,770,2822,Thursday,2,210,0.7857142857142857
4702921684,2016-04-08,8184,6.6399998664856,6.6399998664856,0.0,0.0,0.620000004768372,5.94999980926514,0.0,0,15,247,808,2981,Friday,2,262,0.7551401869158878
4702921684,2016-04-09,14002,11.3599996566772,11.3599996566772,0.0,0.610000014305115,2.6800000667572,8.0600004196167,0.0,8,56,381,407,3597,Saturday,1,445,0.47769953051643194
4702921684,2016-04-10,11135,9.02999973297119,9.02999973297119,0.0,0.0799999982118607,1.1599999666214,7.78999996185303,0.0,1,25,331,528,3224,Sunday,2,357,0.5966101694915255
4702921684,2016-04-11,6499,5.26999998092651,5.26999998092651,0.0,0.0,0.0,5.26999998092651,0.0,0,0,207,809,2677,Monday,2,207,0.7962598425196851
4702921684,2016-04-12,0,0.0,0.0,0.0,0.0,0.0,0.0,0.0,0,0,0,1440,0,Tuesday,0,0,1.0
5553957443,2016-04-01,12409,8.10000038146973,8.10000038146973,0.0,2.90000009536743,0.629999995231628,4.57999992370605,0.0,51,12,235,782,2142,Friday,1,298,0.7240740740740741
5553957443,2016-04-02,2937,1.91999995708466,1.91999995708466,0.0,0.0,0.0,1.9099999666214,0.0,0,0,181,356,1615,Saturday,0,181,0.6629422718808193
5553957443,2016-04-03,1515,0.990000009536743,0.990000009536743,0.0,0.0,0.0,0.990000009536743,0.0,0,0,93,507,1481,Sunday,0,93,0.845
5553957443,2016-04-04,8921,5.88000011444092,5.88000011444092,0.0,2.0699999332428,0.439999997615814,3.35999989509583,0.0,27,8,198,754,1892,Monday,2,233,0.7639311043566362
5553957443,2016-04-05,11306,7.38000011444092,7.38000011444092,0.0,2.30999994277954,0.980000019073486,4.09000015258789,0.0,40,26,218,772,2086,Tuesday,2,284,0.7310606060606061
5553957443,2016-04-06,12252,8.0,8.0,0.0,2.41000008583069,1.70000004768372,3.89000010490417,0.0,33,28,229,745,2044,Wednesday,1,290,0.7198067632850241
5553957443,2016-04-07,15444,10.0799999237061,10.0799999237061,0.0,3.26999998092651,1.73000001907349,5.07999992370605,0.0,51,39,243,731,2249,Thursday,1,333,0.6870300751879699
5553957443,2016-04-08,9938,6.48999977111816,6.48999977111816,0.0,2.14000010490417,1.27999997138977,3.07999992370605,0.0,38,24,193,767,2019,Friday,2,255,0.7504892367906066
5553957443,2016-04-09,4599,3.0,3.0,0.0,0.0,0.0,3.0,0.0,0,0,176,578,1692,Saturday,0,176,0.76657824933687
5553957443,2016-04-10,5594,3.65000009536743,3.65000009536743,0.0,0.280000001192093,1.48000001907349,1.88999998569489,0.0,4,25,150,552,1712,Sunday,2,179,0.7551299589603283
5553957443,2016-04-11,11906,7.76999998092651,7.76999998092651,0.0,2.25999999046326,1.51999998092651,3.99000000953674,0.0,32,27,234,688,2065,Monday,1,293,0.7013251783893986
5553957443,2016-04-12,3436,2.24000000953674,2.24000000953674,0.0,0.5,0.670000016689301,1.04999995231628,0.0,7,11,50,61,633,Tuesday,0,68,0.4728682170542636
5577150313,2016-04-01,10461,7.86999988555908,7.86999988555908,0.0,4.76000022888184,0.850000023841858,2.25,0.0,99,31,142,721,3625,Friday,2,272,0.7260825780463243
5577150313,2016-04-02,14873,11.1099996566772,11.1099996566772,0.0,8.1899995803833,0.600000023841858,2.30999994277954,0.0,202,36,153,663,4430,Saturday,1,391,0.6290322580645161
5577150313,2016-04-03,9917,7.40999984741211,7.40999984741211,0.0,1.99000000953674,0.970000028610229,4.44000005722046,0.0,58,27,240,700,3427,Sunday,2,325,0.6829268292682927
5577150313,2016-04-04,7401,5.55999994277954,5.55999994277954,0.0,2.3199999332428,0.360000014305115,2.88000011444092,0.0,70,19,204,689,3492,Monday,2,293,0.7016293279022403
5577150313,2016-04-05,8964,6.69999980926514,6.69999980926514,0.0,3.97000002861023,0.189999997615814,2.52999997138977,0.0,107,18,145,756,3597,Tuesday,2,270,0.7368421052631579
5577150313,2016-04-06,11080,8.30000019073486,8.30000019073486,0.0,3.13000011444092,1.37000000476837,3.80999994277954,0.0,83,52,190,695,3765,Wednesday,2,325,0.6813725490196079
5577150313,2016-04-07,4499,3.35999989509583,3.35999989509583,0.0,0.889999985694885,0.259999990463257,2.21000003814697,0.0,31,11,146,756,2775,Thursday,0,188,0.8008474576271186
5577150313,2016-04-08,4363,3.25999999046326,3.25999999046326,0.0,0.129999995231628,0.0599999986588955,3.07999992370605,0.0,8,2,156,813,2486,Friday,0,166,0.8304392236976507
5577150313,2016-04-09,10494,7.84000015258789,7.84000015258789,0.0,4.90999984741211,0.779999971389771,2.15000009536743,0.0,123,62,138,601,3817,Saturday,2,323,0.6504329004329005
5577150313,2016-04-10,9776,7.38000011444092,7.38000011444092,0.0,2.9300000667572,1.42999994754791,3.01999998092651,0.0,80,35,162,721,3378,Sunday,2,277,0.7224448897795591
5577150313,2016-04-11,2862,2.14000010490417,2.14000010490417,0.0,1.03999996185303,0.25,0.839999973773956,0.0,39,17,54,209,1511,Monday,0,110,0.6551724137931034
6117666160,2016-04-01,7444,5.61999988555908,5.61999988555908,0.0,0.0,0.0,5.61999988555908,0.0,0,0,286,568,2210,Friday,2,286,0.6651053864168618
6117666160,2016-04-02,19658,14.8400001525879,14.8400001525879,0.0,0.239999994635582,2.08999991416931,12.5100002288818,0.0,3,30,475,466,2884,Saturday,1,508,0.4784394250513347
6117666160,2016-04-03,0,0.0,0.0,0.0,0.0,0.0,0.0,0.0,0,0,0,1440,1496,Sunday,0,0,1.0
6117666160,2016-04-04,8468,6.3899998664856,6.3899998664856,0.0,0.180000007152557,0.639999985694885,5.57000017166138,0.0,2,11,279,1148,2262,Monday,2,292,0.7972222222222223
6117666160,2016-04-05,9910,7.48000001907349,7.48000001907349,0.0,0.0,0.0,7.48000001907349,0.0,0,0,384,990,2445,Tuesday,2,384,0.7205240174672489
6117666160,2016-04-06,12409,9.36999988555908,9.36999988555908,0.0,0.0,0.0,9.36999988555908,0.0,0,0,491,388,2694,Wednesday,1,491,0.44141069397042093
6117666160,2016-04-07,4853,3.66000008583069,3.66000008583069,0.0,0.0,0.0,3.66000008583069,0.0,0,0,156,770,1903,Thursday,2,156,0.8315334773218143
6117666160,2016-04-08,8955,6.76000022888184,6.76000022888184,0.0,0.0,0.0,6.73000001907349,0.0,0,0,422,1018,2482,Friday,2,422,0.7069444444444445
6117666160,2016-04-09,10789,8.14999961853027,8.14999961853027,0.0,0.0,0.0,8.14999961853027,0.0,0,0,506,413,2617,Saturday,2,506,0.44940152339499456
6117666160,2016-04-10,0,0.0,0.0,0.0,0.0,0.0,0.0,0.0,0,0,0,1440,0,Sunday,0,0,1.0
6290855005,2016-04-01,6633,5.01000022888184,5.01000022888184,0.0,0.0,0.0,5.01000022888184,0.0,0,0,280,1160,2778,Friday,2,280,0.8055555555555556
6290855005,2016-04-02,9548,7.21999979019165,7.21999979019165,0.0,2.01999998092651,3.6800000667572,1.51999998092651,0.0,25,107,113,1195,3119,Saturday,2,245,0.8298611111111112
6290855005,2016-04-03,0,0.0,0.0,0.0,0.0,0.0,0.0,0.0,33,0,0,1407,2664,Sunday,0,33,0.9770833333333333
6290855005,2016-04-04,0,0.0,0.0,0.0,0.0,0.0,0.0,0.0,0,0,0,1440,2060,Monday,0,0,1.0
6290855005,2016-04-05,0,0.0,0.0,0.0,0.0,0.0,0.0,0.0,0,0,0,1440,2060,Tuesday,0,0,1.0
6290855005,2016-04-06,0,0.0,0.0,0.0,0.0,0.0,0.0,0.0,0,0,0,1440,2060,Wednesday,0,0,1.0
6290855005,2016-04-07,0,0.0,0.0,0.0,0.0,0.0,0.0,0.0,0,0,0,1440,2060,Thursday,0,0,1.0
6290855005,2016-04-08,0,0.0,0.0,0.0,0.0,0.0,0.0,0.0,0,0,0,1440,2060,Friday,0,0,1.0
6290855005,2016-04-09,0,0.0,0.0,0.0,0.0,0.0,0.0,0.0,0,0,0,1440,2060,Saturday,0,0,1.0
6290855005,2016-04-10,0,0.0,0.0,0.0,0.0,0.0,0.0,0.0,20,0,0,494,735,Sunday,0,20,0.9610894941634242
6391747486,2016-04-01,0,0.0,0.0,0.0,0.0,0.0,0.0,0.0,0,0,0,1440,1820,Friday,0,0,1.0
6391747486,2016-04-02,2101,2.02999997138977,0.0,2.02777290344238,2.02999997138977,0.0,0.0,0.0,46,0,0,1394,2224,Saturday,0,46,0.9680555555555556
6391747486,2016-04-03,0,0.0,0.0,0.0,0.0,0.0,0.0,0.0,0,0,0,1440,1820,Sunday,0,0,1.0
6391747486,2016-04-04,0,0.0,0.0,0.0,0.0,0.0,0.0,0.0,0,0,0,1440,1820,Monday,0,0,1.0
6391747486,2016-04-05,9766,7.51000022888184,0.779999971389771,6.72705698013306,0.0,0.0500000007450581,7.46000003814697,0.0,0,6,301,1133,2442,Tuesday,2,307,0.7868055555555555
6391747486,2016-04-06,165,0.129999995231628,0.129999995231628,0.0,0.0,0.0,0.129999995231628,0.0,0,0,8,1432,1849,Wednesday,0,8,0.9944444444444445
6391747486,2016-04-07,0,0.0,0.0,0.0,0.0,0.0,0.0,0.0,0,0,0,1440,1822,Thursday,0,0,1.0
6391747486,2016-04-08,0,0.0,0.0,0.0,0.0,0.0,0.0,0.0,0,0,0,1440,1820,Friday,0,0,1.0
6391747486,2016-04-09,0,0.0,0.0,0.0,0.0,0.0,0.0,0.0,0,0,0,198,251,Saturday,0,0,1.0
6775888955,2016-04-01,7225,5.17999982833862,5.17999982833862,0.0,1.73000001907349,1.26999998092651,2.1800000667572,0.0,25,50,163,1189,3065,Friday,2,238,0.8332165381920112
6775888955,2016-04-02,1988,1.42999994754791,1.42999994754791,0.0,0.0,0.0,1.42999994754791,0.0,0,0,79,909,2207,Saturday,0,79,0.9200404858299596
6775888955,2016-04-03,1577,1.12999999523163,1.12999999523163,0.0,0.0700000002980232,0.889999985694885,0.170000001788139,0.0,1,17,8,1414,1977,Sunday,0,26,0.9819444444444444
6775888955,2016-04-04,0,0.0,0.0,0.0,0.0,0.0,0.0,0.0,0,0,0,1440,1841,Monday,0,0,1.0
6775888955,2016-04-05,9348,6.69999980926514,6.69999980926514,0.0,1.12999999523163,2.03999996185303,3.14000010490417,0.0,56,133,240,1011,4286,Tuesday,2,429,0.7020833333333333
6775888955,2016-04-06,11761,8.43000030517578,8.43000030517578,0.0,1.30999994277954,2.44000005722046,4.67999982833862,0.0,24,99,300,550,3920,Wednesday,1,423,0.5652620760534429
6775888955,2016-04-07,13987,10.0299997329712,10.0299997329712,0.0,2.86999988555908,3.33999991416931,3.8199999332428,0.0,46,114,250,739,3856,Thursday,1,410,0.6431679721496953
6775888955,2016-04-08,4131,2.96000003814697,2.96000003814697,0.0,1.37000000476837,0.610000014305115,0.980000019073486,0.0,27,30,75,1308,2584,Friday,0,132,0.9083333333333333
6775888955,2016-04-09,14,0.0099999997764825,0.0099999997764825,0.0,0.0,0.0,0.0099999997764825,0.0,0,0,1,601,787,Saturday,0,1,0.9983388704318937
6962181067,2016-03-30,15491,10.2399997711182,10.2399997711182,0.0,1.28999996185303,4.48999977111816,4.46000003814697,0.0,18,77,272,641,2244,Wednesday,1,367,0.6359126984126984
6962181067,2016-03-31,14097,9.31999969482422,9.31999969482422,0.0,3.5,1.91999995708466,3.90000009536743,0.0,50,32,234,595,2188,Thursday,1,316,0.6531284302963776
6962181067,2016-04-01,10467,6.98000001907349,6.98000001907349,0.0,0.699999988079071,2.4300000667572,3.84999990463257,0.0,9,45,252,602,2014,Friday,2,306,0.6629955947136564
6962181067,2016-04-02,12437,8.30000019073486,8.30000019073486,0.0,3.75999999046326,1.28999996185303,3.24000000953674,0.0,50,24,219,732,2115,Saturday,1,293,0.7141463414634146
6962181067,2016-04-03,12307,8.14000034332275,8.14000034332275,0.0,1.00999999046326,3.25999999046326,3.86999988555908,0.0,14,51,218,589,2055,Sunday,1,283,0.6754587155963303
6962181067,2016-04-04,18952,12.8000001907349,12.8000001907349,0.0,5.90999984741211,1.23000001907349,5.65999984741211,0.0,73,20,327,570,2437,Monday,1,420,0.5757575757575758
6962181067,2016-04-05,12010,7.94000005722046,7.94000005722046,0.0,2.38000011444092,0.949999988079071,4.6100001335144,0.0,38,17,287,692,2158,Tuesday,1,342,0.6692456479690522
6962181067,2016-04-06,12480,8.85999965667725,8.25,3.97279500961304,4.17999982833862,0.689999997615814,4.0,0.0,55,14,276,593,2170,Wednesday,1,345,0.6321961620469083
6962181067,2016-04-07,13417,9.64999961853027,8.86999988555908,1.92630195617676,3.39000010490417,1.25,4.90999984741211,0.100000001490116,45,16,284,665,2244,Thursday,1,345,0.6584158415841584
6962181067,2016-04-08,14400,10.8800001144409,9.52000045776367,5.45686388015747,2.47000002861023,2.88000011444092,5.53000020980835,0.0,27,37,276,697,2188,Friday,1,340,0.6721311475409836
6962181067,2016-04-09,12495,8.26000022888184,8.26000022888184,0.0,2.21000003814697,1.0900000333786,4.96000003814697,0.0,33,19,324,609,2231,Saturday,1,376,0.6182741116751269
6962181067,2016-04-10,10148,6.71000003814697,6.71000003814697,0.0,1.36000001430511,0.219999998807907,5.13000011444092,0.0,19,7,306,679,2100,Sunday,2,332,0.6716122650840751
6962181067,2016-04-11,12362,9.09000015258789,8.17000007629395,2.69645500183105,1.0900000333786,2.73000001907349,5.26999998092651,0.0,21,38,297,678,2188,Monday,1,356,0.655705996131528
6962181067,2016-04-12,5893,3.90000009536743,3.90000009536743,0.0,2.88000011444092,0.560000002384186,0.46000000834465,0.0,43,9,48,146,917,Tuesday,2,100,0.5934959349593496
7007744171,2016-04-01,11680,9.0600004196167,7.80999994277954,4.901282787323,4.48999977111816,0.330000013113022,4.23999977111816,0.0,50,7,244,1139,2573,Friday,1,301,0.7909722222222222
7007744171,2016-04-02,10976,7.34000015258789,7.34000015258789,0.0,0.550000011920929,0.670000016689301,6.13000011444092,0.0,9,16,271,1075,2575,Saturday,2,296,0.7840991976659373
7007744171,2016-04-03,16806,11.2399997711182,11.2399997711182,0.0,6.40999984741211,1.37000000476837,3.47000002861023,0.0,104,31,230,1002,3086,Sunday,1,365,0.7329919531821507
7007744171,2016-04-04,15266,11.3999996185303,10.210000038147,5.18984985351563,5.80000019073486,0.759999990463257,4.78999996185303,0.0500000007450581,70,21,292,1057,2886,Monday,1,383,0.7340277777777777
7007744171,2016-04-05,12084,9.14000034332275,8.07999992370605,4.83638000488281,4.3899998664856,0.46000000834465,4.28999996185303,0.0,50,6,284,1030,2676,Tuesday,1,340,0.7518248175182481
7007744171,2016-04-06,13513,10.25,9.06999969482422,4.83572006225586,5.34999990463257,0.330000013113022,4.55999994277954,0.0,64,8,270,1098,2811,Wednesday,1,342,0.7625
7007744171,2016-04-07,14100,10.5799999237061,9.43000030517578,4.87598991394043,5.09999990463257,1.19000005722046,4.28000020980835,0.0,61,33,265,1015,2840,Thursday,1,359,0.7387190684133915
7007744171,2016-04-08,12627,9.64999961853027,8.44999980926514,4.84231996536255,4.69999980926514,0.740000009536743,4.21000003814697,0.0,54,22,301,1063,2871,Friday,1,377,0.7381944444444445
7007744171,2016-04-09,10345,6.92000007629395,6.92000007629395,0.0,0.0700000002980232,0.270000010728836,6.57999992370605,0.0,2,6,358,1074,2613,Saturday,2,366,0.7458333333333333
7007744171,2016-04-10,10146,6.78999996185303,6.78999996185303,0.0,0.0700000002980232,0.610000014305115,6.1100001335144,0.0,1,12,397,1030,2700,Sunday,2,410,0.7152777777777778
7007744171,2016-04-11,12168,8.14000034332275,8.14000034332275,0.0,1.04999995231628,0.790000021457672,6.28999996185303,0.0,18,27,375,1020,2871,Monday,1,420,0.7083333333333334
7007744171,2016-04-12,7413,5.76999998092651,4.96000003814697,4.8697829246521,4.5,0.340000003576279,0.939999997615814,0.0,53,6,43,405,1023,Tuesday,2,102,0.7988165680473372
7086361926,2016-04-01,11463,7.67000007629395,7.67000007629395,0.0,2.82999992370605,1.88999998569489,2.9300000667572,0.0,38,30,154,777,2496,Friday,2,222,0.7777777777777778
7086361926,2016-04-02,87,0.0199999995529652,0.0199999995529652,0.0,0.0,0.0,0.0099999997764825,0.0,0,0,2,872,1641,Saturday,0,2,0.9977116704805492
7086361926,2016-04-03,1949,1.30999994277954,1.30999994277954,0.0,0.230000004172325,0.349999994039536,0.730000019073486,0.0,3,6,27,1404,1794,Sunday,0,36,0.975
7086361926,2016-04-04,6101,3.86999988555908,3.86999988555908,0.0,0.529999971389771,0.230000004172325,3.09999990463257,0.0,31,24,138,1247,2421,Monday,2,193,0.8659722222222223
7086361926,2016-04-05,7478,4.98999977111816,4.98999977111816,0.0,1.79999995231628,0.529999971389771,2.60999989509583,0.0299999993294477,25,33,132,1159,2439,Tuesday,2,190,0.8591549295774648
7086361926,2016-04-06,7352,4.73000001907349,4.73000001907349,0.0,1.4099999666214,0.779999971389771,2.52999997138977,0.0,19,14,124,814,2233,Wednesday,2,157,0.8383110195674562
7086361926,2016-04-07,14604,10.8199996948242,10.8199996948242,0.0,7.23000001907349,1.12000000476837,2.4300000667572,0.0299999993294477,76,30,127,695,2862,Thursday,1,233,0.7489224137931034
7086361926,2016-04-08,9634,6.51999998092651,6.51999998092651,0.0,2.5,1.39999997615814,2.58999991416931,0.0,50,48,140,797,2752,Friday,2,238,0.770048309178744
7086361926,2016-04-09,7338,4.67000007629395,4.67000007629395,0.0,1.08000004291534,0.129999995231628,3.46000003814697,0.0,27,5,204,717,2519,Saturday,2,236,0.7523609653725079
7086361926,2016-04-10,569,0.349999994039536,0.349999994039536,0.0,0.0,0.0,0.340000003576279,0.0,0,0,27,1368,1799,Sunday,0,27,0.9806451612903225
7086361926,2016-04-11,6242,3.92000007629395,3.92000007629395,0.0,0.740000009536743,0.230000004172325,2.9300000667572,0.0,46,22,126,741,2543,Monday,2,194,0.7925133689839572
7086361926,2016-04-12,430,0.259999990463257,0.259999990463257,0.0,0.0,0.0,0.259999990463257,0.0,0,0,14,75,625,Tuesday,0,14,0.8426966292134831
8053475328,2016-04-02,20188,15.6199998855591,15.6199998855591,0.0,12.0600004196167,0.850000023841858,2.71000003814697,0.0,124,19,172,1125,3377,Saturday,1,315,0.78125
8053475328,2016-04-03,25701,20.1399993896484,20.1399993896484,0.0,16.8199996948242,1.62999999523163,1.69000005722046,0.0,165,36,97,1142,3697,Sunday,1,298,0.7930555555555555
8053475328,2016-04-04,17395,13.210000038147,13.210000038147,0.0,9.67000007629395,0.180000007152557,3.34999990463257,0.0,100,4,213,1123,3209,Monday,1,317,0.7798611111111111
8053475328,2016-04-05,17167,13.4099998474121,13.4099998474121,0.0,9.96000003814697,0.310000002384186,3.14000010490417,0.0,98,8,184,1150,3167,Tuesday,1,290,0.7986111111111112
8053475328,2016-04-06,16435,12.4200000762939,12.4200000762939,0.0,8.96000003814697,0.550000011920929,2.91000008583069,0.0,100,14,191,1135,3122,Wednesday,1,305,0.7881944444444444
8053475328,2016-04-07,17078,13.1999998092651,13.1999998092651,0.0,9.97000026702881,0.239999994635582,2.99000000953674,0.0,101,6,190,1143,3176,Thursday,1,297,0.79375
8053475328,2016-04-08,11693,9.53999996185303,9.53999996185303,0.0,6.76999998092651,0.259999990463257,2.5,0.0,60,6,153,1221,2790,Friday,1,219,0.8479166666666667
8053475328,2016-04-09,11159,9.14000034332275,9.14000034332275,0.0,6.69000005722046,0.25,2.19000005722046,0.0,59,6,120,1255,2715,Saturday,2,185,0.8715277777777778
8053475328,2016-04-10,10118,7.73000001907349,7.73000001907349,0.0,3.04999995231628,0.800000011920929,3.88000011444092,0.0,30,18,207,1185,2684,Sunday,2,255,0.8229166666666666
8053475328,2016-04-11,16064,12.7200002670288,12.7200002670288,0.0,9.97999954223633,0.360000014305115,2.38000011444092,0.0,96,8,155,1181,3097,Monday,1,259,0.8201388888888889
8053475328,2016-04-12,290,0.209999993443489,0.209999993443489,0.0,0.0,0.0,0.209999993443489,0.0,0,0,16,599,791,Tuesday,0,16,0.9739837398373984
8253242879,2016-04-01,0,0.0,0.0,0.0,0.0,0.0,0.0,0.0,0,0,0,1440,1429,Friday,0,0,1.0
8253242879,2016-04-02,0,0.0,0.0,0.0,0.0,0.0,0.0,0.0,0,0,0,1440,1429,Saturday,0,0,1.0
8253242879,2016-04-03,0,0.0,0.0,0.0,0.0,0.0,0.0,0.0,0,0,0,1440,1429,Sunday,0,0,1.0
8253242879,2016-04-04,0,0.0,0.0,0.0,0.0,0.0,0.0,0.0,0,0,0,1440,1429,Monday,0,0,1.0
8253242879,2016-04-05,0,0.0,0.0,0.0,0.0,0.0,0.0,0.0,0,0,0,1440,1429,Tuesday,0,0,1.0
8253242879,2016-04-06,1931,1.27999997138977,1.27999997138977,0.0,0.0,0.0,1.27999997138977,0.0,0,0,94,1346,1607,Wednesday,0,94,0.9347222222222222
8253242879,2016-04-07,5181,3.42000007629395,3.42000007629395,0.0,1.0,0.910000026226044,1.50999999046326,0.0099999997764825,15,15,107,1303,1776,Thursday,2,137,0.9048611111111111
8253242879,2016-04-08,12026,9.14999961853027,9.14999961853027,0.0,5.69999980926514,0.930000007152557,2.50999999046326,0.0,47,13,150,1230,2162,Friday,1,210,0.8541666666666666
8253242879,2016-04-09,5360,3.53999996185303,3.53999996185303,0.0,0.540000021457672,1.54999995231628,1.46000003814697,0.0,8,28,148,1256,1832,Saturday,2,184,0.8722222222222222
8253242879,2016-04-10,2545,1.67999994754791,1.67999994754791,0.0,0.0,0.0,1.66999995708466,0.0199999995529652,0,0,126,1314,1657,Sunday,0,126,0.9125
8253242879,2016-04-11,1636,1.08000004291534,1.08000004291534,0.0,0.0,0.0,1.08000004291534,0.0,0,0,86,1139,1377,Monday,0,86,0.929795918367347
8253242879,2016-04-12,0,0.0,0.0,0.0,0.0,0.0,0.0,0.0,0,0,0,1440,0,Tuesday,0,0,1.0
8378563200,2016-04-01,14179,11.2399997711182,11.2399997711182,0.0,6.23000001907349,1.05999994277954,3.96000003814697,0.0,73,21,195,719,3669,Friday,1,289,0.7132936507936508
8378563200,2016-04-02,3358,2.66000008583069,2.66000008583069,0.0,0.0,0.0,2.66000008583069,0.0,0,0,144,657,2702,Saturday,0,144,0.8202247191011236
8378563200,2016-04-03,9152,7.26000022888184,7.26000022888184,0.0,1.99000000953674,0.819999992847443,4.44999980926514,0.0,25,13,243,600,3304,Sunday,2,281,0.681044267877412
8378563200,2016-04-04,13935,11.0500001907349,11.0500001907349,2.0921471118927,4.09000015258789,0.790000021457672,6.17000007629395,0.0,105,16,220,658,4234,Monday,1,341,0.6586586586586587
8378563200,2016-04-05,12846,10.1899995803833,10.1899995803833,2.25308108329773,5.0,0.75,4.44000005722046,0.0,113,15,189,686,4128,Tuesday,1,317,0.6839481555333998
8378563200,2016-04-06,9124,7.23999977111816,7.23999977111816,2.0921471118927,0.0,0.25,6.98999977111816,0.0,55,6,230,728,3798,Wednesday,2,291,0.7144259077526988
8378563200,2016-04-07,9725,7.71000003814697,7.71000003814697,2.25308108329773,2.41000008583069,0.529999971389771,4.76999998092651,0.0,83,11,181,670,3839,Thursday,2,275,0.708994708994709
8378563200,2016-04-08,8350,6.61999988555908,6.61999988555908,2.0921471118927,1.49000000953674,0.529999971389771,4.6100001335144,0.0,72,10,167,868,3713,Friday,2,249,0.7770814682184423
8378563200,2016-04-09,2240,1.77999997138977,1.77999997138977,0.0,0.0,0.0,1.77999997138977,0.0,0,0,110,843,2606,Saturday,0,110,0.8845750262329486
8378563200,2016-04-10,2631,2.08999991416931,2.08999991416931,0.0,0.0,0.0,2.08999991416931,0.0,0,0,117,727,2624,Sunday,0,117,0.8613744075829384
8378563200,2016-04-11,8837,7.01000022888184,7.01000022888184,2.0921471118927,1.53999996185303,0.879999995231628,4.59000015258789,0.0,74,17,182,811,3775,Monday,2,273,0.7481549815498155
8378563200,2016-04-12,3246,2.5699999332428,2.5699999332428,2.25308108329773,0.829999983310699,0.709999978542328,1.02999997138977,0.0,65,15,49,243,1882,Tuesday,0,129,0.6532258064516129
8583815059,2016-04-01,2174,1.70000004768372,1.70000004768372,0.0,0.0,0.0,1.70000004768372,0.0,0,0,112,1328,2360,Friday,0,112,0.9222222222222223
8583815059,2016-04-02,3494,2.73000001907349,2.73000001907349,0.0,0.0,0.0,2.69000005722046,0.0,0,0,166,1274,2517,Saturday,0,166,0.8847222222222222
8583815059,2016-04-03,2380,1.86000001430511,1.86000001430511,0.0,0.0,0.0,1.86000001430511,0.0,0,0,131,1309,2400,Sunday,0,131,0.9090277777777778
8583815059,2016-04-04,3159,2.46000003814697,2.46000003814697,0.0,0.0,0.0,2.46000003814697,0.0,0,0,147,1293,2462,Monday,0,147,0.8979166666666667
8583815059,2016-04-05,6835,5.32999992370605,5.32999992370605,0.0,0.370000004768372,0.730000019073486,4.23999977111816,0.0,5,15,212,1208,2786,Tuesday,2,232,0.8388888888888889
8583815059,2016-04-06,2098,1.63999998569489,1.63999998569489,0.0,0.0,0.0,1.62999999523163,0.0,0,0,112,1328,2354,Wednesday,0,112,0.9222222222222223
8583815059,2016-04-07,2816,2.20000004768372,2.20000004768372,0.0,0.0,0.0,2.20000004768372,0.0,0,0,138,1302,2437,Thursday,0,138,0.9041666666666667
8583815059,2016-04-08,1408,1.10000002384186,1.10000002384186,0.0,0.0,0.0,1.10000002384186,0.0,0,0,79,1052,1814,Friday,0,79,0.9301503094606542
8792009665,2016-04-01,4592,2.94000005722046,2.94000005722046,0.0,0.100000001490116,0.140000000596046,2.70000004768372,0.0,4,8,176,748,2260,Friday,0,188,0.7991452991452992
8792009665,2016-04-02,8452,5.40999984741211,5.40999984741211,0.0,0.259999990463257,0.389999985694885,4.76000022888184,0.0,9,24,328,1079,3004,Saturday,2,361,0.7493055555555556
8792009665,2016-04-03,7238,4.63000011444092,4.63000011444092,0.0,0.109999999403954,0.230000004172325,4.28999996185303,0.0,2,6,279,636,2667,Sunday,2,287,0.6890574214517876
8792009665,2016-04-04,3821,2.45000004768372,2.45000004768372,0.0,0.0,0.219999998807907,2.23000001907349,0.0,0,9,161,675,2229,Monday,0,170,0.7988165680473372
8792009665,2016-04-05,2332,1.49000000953674,1.49000000953674,0.0,0.0099999997764825,0.180000007152557,1.29999995231628,0.0,1,10,111,904,2100,Tuesday,0,122,0.8810916179337231
8792009665,2016-04-06,2121,1.36000001430511,1.36000001430511,0.0,0.0,0.0,1.36000001430511,0.0,0,0,122,855,2114,Wednesday,0,122,0.8751279426816786
8792009665,2016-04-07,1291,0.829999983310699,0.829999983310699,0.0,0.0,0.0,0.829999983310699,0.0,0,0,77,888,1961,Thursday,0,77,0.9202072538860103
8792009665,2016-04-08,1467,0.939999997615814,0.939999997615814,0.0,0.100000001490116,0.209999993443489,0.629999995231628,0.0,2,8,71,912,1953,Friday,0,81,0.918429003021148
8792009665,2016-04-09,1022,0.649999976158142,0.649999976158142,0.0,0.0,0.0,0.649999976158142,0.0,0,0,63,739,1890,Saturday,0,63,0.9214463840399002
8792009665,2016-04-10,4605,2.95000004768372,2.95000004768372,0.0,0.0,0.0,2.95000004768372,0.0,0,0,179,1261,2253,Sunday,0,179,0.8756944444444444
8792009665,2016-04-11,178,0.109999999403954,0.109999999403954,0.0,0.0,0.0,0.109999999403954,0.0,0,0,12,1428,1725,Monday,0,12,0.9916666666666667
8792009665,2016-04-12,20,0.0099999997764825,0.0099999997764825,0.0,0.0,0.0,0.0099999997764825,0.0,0,0,6,598,728,Tuesday,0,6,0.9900662251655629
8877689391,2016-04-01,18700,15.8199996948242,15.8199996948242,0.0,8.69999980926514,0.159999996423721,6.90999984741211,0.0,67,3,247,1123,3527,Friday,1,317,0.7798611111111111
8877689391,2016-04-02,27572,23.3899993896484,23.3899993896484,0.0,14.7200002670288,1.21000003814697,7.34000015258789,0.0099999997764825,116,24,260,1040,4220,Saturday,1,400,0.7222222222222222
8877689391,2016-04-03,15260,8.1899995803833,8.1899995803833,0.0,1.79999995231628,0.75,5.57000017166138,0.0,106,17,259,1058,3864,Sunday,1,382,0.7347222222222223
8877689391,2016-04-04,20779,18.4099998474121,18.4099998474121,0.0,11.7299995422363,0.649999976158142,6.0,0.0,78,16,208,1138,3662,Monday,1,302,0.7902777777777777
8877689391,2016-04-05,10695,8.11999988555908,8.11999988555908,0.0,0.769999980926514,0.180000007152557,7.09000015258789,0.0099999997764825,10,3,246,1181,2834,Tuesday,2,259,0.8201388888888889
8877689391,2016-04-06,24136,20.9099998474121,20.9099998474121,0.0,12.2200002670288,0.540000021457672,8.07999992370605,0.0,87,16,318,1019,4039,Wednesday,1,421,0.7076388888888889
8877689391,2016-04-07,10910,8.42000007629395,8.42000007629395,0.0,2.96000003814697,0.389999985694885,5.03000020980835,0.0,32,11,212,1185,2947,Thursday,2,255,0.8229166666666666
8877689391,2016-04-08,23014,20.3899993896484,20.3899993896484,0.0,11.1000003814697,0.629999995231628,8.61999988555908,0.0,70,29,359,982,4196,Friday,1,458,0.6819444444444445
8877689391,2016-04-09,16470,8.06999969482422,8.06999969482422,0.0,0.0,0.0199999995529652,8.02000045776367,0.0,90,9,289,1052,3841,Saturday,1,388,0.7305555555555555
8877689391,2016-04-10,28497,27.5300006866455,27.5300006866455,0.0,21.9200000762939,1.12000000476837,4.46000003814697,0.0,128,46,211,1055,4526,Sunday,1,385,0.7326388888888888
8877689391,2016-04-11,10622,8.0600004196167,8.0600004196167,0.0,1.47000002861023,0.150000005960464,6.36999988555908,0.0099999997764825,18,7,225,1190,2820,Monday,2,250,0.8263888888888888
8877689391,2016-04-12,2350,1.77999997138977,1.77999997138977,0.0,0.0,0.0,1.77999997138977,0.0,0,0,58,531,938,Tuesday,0,58,0.9015280135823429
